{"cameraMode":{"drawMode":0,"name":"Shaded","section":"Shading Mode"},"sceneLighting":true,"audioPlay":false,"sceneViewState":{"m_AlwaysRefresh":false,"showFog":true,"showSkybox":true,"showFlares":true,"showImageEffects":true,"showParticleSystems":true,"showVisualEffectGraphs":true,"m_FxEnabled":true},"in2DMode":false,"pivot":{"x":-2.251389503479004,"y":-10.281734466552735,"z":33.949459075927737},"rotation":{"x":-0.03439630940556526,"y":0.9624677300453186,"z":-0.22576037049293519,"w":-0.14664901793003083},"size":20.194395065307618,"orthographic":false}