{"cameraMode":{"drawMode":0,"name":"Shaded","section":"Shading Mode"},"sceneLighting":true,"audioPlay":false,"sceneViewState":{"m_AlwaysRefresh":false,"showFog":true,"showSkybox":true,"showFlares":true,"showImageEffects":true,"showParticleSystems":true,"showVisualEffectGraphs":true,"m_FxEnabled":true},"in2DMode":false,"pivot":{"x":-14.812570571899414,"y":14.171899795532227,"z":-90.07951354980469},"rotation":{"x":0.2651219069957733,"y":0.19079165160655976,"z":-0.053603753447532657,"w":0.943625807762146},"size":17.683897018432618,"orthographic":false}